{"id":"24139a50-af2d-476b-93d9-2743285fab1b","revision":0,"last_node_id":21,"last_link_id":42,"nodes":[{"id":6,"type":"VHS_VideoCombine","pos":[1127.59521484375,275.8365478515625],"size":[270,598],"flags":{},"order":8,"mode":0,"inputs":[{"localized_name":"images","name":"images","type":"IMAGE","link":36},{"localized_name":"audio","name":"audio","shape":7,"type":"AUDIO","link":41},{"localized_name":"meta_batch","name":"meta_batch","shape":7,"type":"VHS_BatchManager","link":null},{"localized_name":"vae","name":"vae","shape":7,"type":"VAE","link":null},{"localized_name":"frame_rate","name":"frame_rate","type":"FLOAT","widget":{"name":"frame_rate"},"link":29},{"localized_name":"loop_count","name":"loop_count","type":"INT","widget":{"name":"loop_count"},"link":null},{"localized_name":"filename_prefix","name":"filename_prefix","type":"STRING","widget":{"name":"filename_prefix"},"link":null},{"localized_name":"format","name":"format","type":"COMBO","widget":{"name":"format"},"link":null},{"localized_name":"pingpong","name":"pingpong","type":"BOOLEAN","widget":{"name":"pingpong"},"link":null},{"localized_name":"save_output","name":"save_output","type":"BOOLEAN","widget":{"name":"save_output"},"link":null}],"outputs":[{"localized_name":"Filenames","name":"Filenames","type":"VHS_FILENAMES","links":null}],"properties":{"cnr_id":"comfyui-videohelpersuite","ver":"1.6.1","Node name for S&R":"VHS_VideoCombine","widget_ue_connectable":{"frame_rate":true}},"widgets_values":{"frame_rate":25,"loop_count":0,"filename_prefix":"AnimateDiff","format":"video/nvenc_h264-mp4","pix_fmt":"yuv420p","bitrate":10,"megabit":true,"save_metadata":true,"pingpong":false,"save_output":true,"videopreview":{"hidden":false,"paused":false,"params":{"filename":"AnimateDiff_00020-audio.mp4","subfolder":"","type":"output","format":"video/nvenc_h264-mp4","frame_rate":30,"workflow":"AnimateDiff_00020.png","fullpath":"/home/salvador/0Data/IA/ComfyUI/output/AnimateDiff_00020-audio.mp4"}}},"color":"#222","bgcolor":"#000"},{"id":3,"type":"LoadImage","pos":[408.3001403808594,327.2937927246094],"size":[274.080078125,314.0000305175781],"flags":{},"order":0,"mode":0,"inputs":[{"localized_name":"image","name":"image","type":"COMBO","widget":{"name":"image"},"link":null},{"localized_name":"choose file to upload","name":"upload","type":"IMAGEUPLOAD","widget":{"name":"upload"},"link":null}],"outputs":[{"localized_name":"IMAGE","name":"IMAGE","type":"IMAGE","links":[37]},{"localized_name":"MASK","name":"MASK","type":"MASK","links":null}],"properties":{"cnr_id":"comfy-core","ver":"0.3.34","Node name for S&R":"LoadImage","widget_ue_connectable":{}},"widgets_values":["sam_altman_512x512.jpg","image"],"color":"#233","bgcolor":"#355"},{"id":11,"type":"PrimitiveFloat","pos":[410.1903381347656,210.4737548828125],"size":[270,58],"flags":{},"order":1,"mode":0,"inputs":[{"localized_name":"value","name":"value","type":"FLOAT","widget":{"name":"value"},"link":null}],"outputs":[{"localized_name":"FLOAT","name":"FLOAT","type":"FLOAT","links":[29,42]}],"title":"FPS","properties":{"cnr_id":"comfy-core","ver":"0.3.34","Node name for S&R":"PrimitiveFloat","widget_ue_connectable":{}},"widgets_values":[25],"color":"#233","bgcolor":"#355"},{"id":17,"type":"FloatProcessOpt","pos":[785.08544921875,449.05035400390625],"size":[270,242],"flags":{},"order":7,"mode":0,"inputs":[{"localized_name":"ref_image","name":"ref_image","type":"IMAGE","link":37},{"localized_name":"ref_audio","name":"ref_audio","type":"AUDIO","link":38},{"localized_name":"float_pipe","name":"float_pipe","type":"FLOAT_PIPE","link":39},{"localized_name":"a_cfg_scale","name":"a_cfg_scale","type":"FLOAT","widget":{"name":"a_cfg_scale"},"link":null},{"localized_name":"e_cfg_scale","name":"e_cfg_scale","type":"FLOAT","widget":{"name":"e_cfg_scale"},"link":null},{"localized_name":"fps","name":"fps","type":"FLOAT","widget":{"name":"fps"},"link":42},{"localized_name":"emotion","name":"emotion","type":"COMBO","widget":{"name":"emotion"},"link":null},{"localized_name":"face_align","name":"face_align","type":"BOOLEAN","widget":{"name":"face_align"},"link":null},{"localized_name":"seed","name":"seed","type":"INT","widget":{"name":"seed"},"link":null}],"outputs":[{"localized_name":"images","name":"images","type":"IMAGE","links":[36]},{"localized_name":"ref_audio","name":"ref_audio","type":"AUDIO","links":null},{"localized_name":"fps","name":"fps","type":"FLOAT","links":null}],"properties":{"aux_id":"set-soft/ComfyUI-FLOAT","ver":"917528fe2b2abe53f8fabba013dadcf67510c46d","Node name for S&R":"FloatProcessOpt","widget_ue_connectable":{"a_cfg_scale":true,"e_cfg_scale":true,"fps":true,"emotion":true,"seed":true}},"widgets_values":[2,1,25,"none",false,15,"fixed"],"color":"#2a363b","bgcolor":"#3f5159"},{"id":15,"type":"LoadFloatModelsOpt","pos":[395.9667663574219,881.34326171875],"size":[283.810546875,106],"flags":{},"order":2,"mode":0,"inputs":[{"localized_name":"advanced_float_options","name":"advanced_float_options","shape":7,"type":"ADV_FLOAT_DICT","link":null},{"localized_name":"model","name":"model","type":"COMBO","widget":{"name":"model"},"link":null},{"localized_name":"target_device","name":"target_device","type":"COMBO","widget":{"name":"target_device"},"link":null},{"localized_name":"cudnn_benchmark","name":"cudnn_benchmark","type":"BOOLEAN","widget":{"name":"cudnn_benchmark"},"link":null}],"outputs":[{"localized_name":"float_pipe","name":"float_pipe","type":"FLOAT_PIPE","links":[39]}],"properties":{"aux_id":"set-soft/ComfyUI-FLOAT","ver":"917528fe2b2abe53f8fabba013dadcf67510c46d","Node name for S&R":"LoadFloatModelsOpt","widget_ue_connectable":{"model":true}},"widgets_values":["FLOAT.safetensors","cuda",false],"color":"#2a363b","bgcolor":"#3f5159"},{"id":19,"type":"MarkdownNote","pos":[100,330],"size":[290,120],"flags":{},"order":3,"mode":0,"inputs":[],"outputs":[],"title":"Load Image","properties":{"widget_ue_connectable":{}},"widgets_values":["# Put an image here\nThe best results are for 512x512 images\n\nWith a human face centered and 60% of margin"],"color":"#432","bgcolor":"#653"},{"id":20,"type":"MarkdownNote","pos":[110,690],"size":[280,120],"flags":{},"order":4,"mode":0,"inputs":[],"outputs":[],"title":"Input audio to drive the image","properties":{"widget_ue_connectable":{}},"widgets_values":["# Put the audio here\nUse clear voice audio, avoid music that can be confused with the voice"],"color":"#432","bgcolor":"#653"},{"id":4,"type":"LoadAudio","pos":[403.0230712890625,690.6533203125],"size":[274.080078125,136],"flags":{},"order":5,"mode":0,"inputs":[{"localized_name":"audio","name":"audio","type":"COMBO","widget":{"name":"audio"},"link":null},{"localized_name":"audioUI","name":"audioUI","type":"AUDIO_UI","widget":{"name":"audioUI"},"link":null},{"localized_name":"choose file to upload","name":"upload","type":"AUDIOUPLOAD","widget":{"name":"upload"},"link":null}],"outputs":[{"localized_name":"AUDIO","name":"AUDIO","type":"AUDIO","links":[38,41]}],"title":"Input audio to drive the image","properties":{"cnr_id":"comfy-core","ver":"0.3.34","Node name for S&R":"LoadAudio","widget_ue_connectable":{}},"widgets_values":["aud-sample-vs-1.wav",null,null],"color":"#233","bgcolor":"#355"},{"id":21,"type":"MarkdownNote","pos":[110,890],"size":[270,90],"flags":{},"order":6,"mode":0,"inputs":[],"outputs":[],"title":"Load FLOAT Models (Opt)","properties":{"widget_ue_connectable":{}},"widgets_values":["Download the [FLOAT model](https://huggingface.co/set-soft/float/resolve/main/FLOAT.safetensors?download=true)"],"color":"#432","bgcolor":"#653"}],"links":[[29,11,0,6,4,"FLOAT"],[36,17,0,6,0,"IMAGE"],[37,3,0,17,0,"IMAGE"],[38,4,0,17,1,"AUDIO"],[39,15,0,17,2,"FLOAT_PIPE"],[41,4,0,6,1,"AUDIO"],[42,11,0,17,5,"FLOAT"]],"groups":[],"config":{},"extra":{"frontendVersion":"1.18.6","VHS_latentpreview":false,"VHS_latentpreviewrate":0,"VHS_MetadataImage":true,"VHS_KeepIntermediate":true,"ue_links":[],"links_added_by_ue":[],"ds":{"scale":1.0482427142995403,"offset":[246.92805318904453,-145.68798649789144]},"reroutes":[{"id":2,"pos":[1080.1082763671875,698.647705078125],"linkIds":[41]},{"id":3,"pos":[711.25830078125,547.4588012695312],"linkIds":[42]},{"id":4,"parentId":2,"pos":[1094.9609375,502.76373291015625],"linkIds":[41]}],"linkExtensions":[{"id":41,"parentId":4},{"id":42,"parentId":3}]},"version":0.4}
